{
  "Column_0": 314.46457225084305,
  "Column_1": 85.0131855338817,
  "Column_2": 569.1014770540712,
  "Column_3": 176.94911625782277
}