{
  "Column_0": 297.58723163604736,
  "Column_1": 81.27911374266611,
  "Column_2": 547.3736095426957,
  "Column_3": 170.9002456492526
}