{
  "Column_0": 166.07111243810505,
  "Column_1": 54.002037645026576,
  "Column_2": 363.1828892574995,
  "Column_3": 126.56152989077964
}