{
  "Column_0": 0.2316579671972363,
  "Column_1": 0.6724976720870472,
  "Column_2": 610.3759800086572,
  "Column_3": 235.11306130531852
}