{
  "Column_0": 319.58973813056946,
  "Column_1": 86.15710066379154,
  "Column_2": 575.6679988403304,
  "Column_3": 178.750605149506
}