{
  "MONTH": 7185.127961162478,
  "DAY": 14725.738645653706,
  "DAY_OF_WEEK": 3076.6983416536823,
  "AIRLINE": 2945.0384260509163,
  "FLIGHT_NUMBER": 9191.857677245513,
  "DESTINATION_AIRPORT": 15800.533319224603,
  "ORIGIN_AIRPORT": 15686.391888967715,
  "AIR_TIME": 9370.603493708652,
  "DEPARTURE_TIME": 21135.1932731485,
  "DISTANCE": 5070.675235947128
}