{
  "MONTH": 19121.097331572324,
  "DAY": 43248.34596506506,
  "DAY_OF_WEEK": 7427.841507405043,
  "AIRLINE": 7277.429785773158,
  "FLIGHT_NUMBER": 18067.040875900537,
  "DESTINATION_AIRPORT": 47517.2945273146,
  "ORIGIN_AIRPORT": 47369.15089663863,
  "AIR_TIME": 21020.306939974427,
  "DEPARTURE_TIME": 49707.56654069573,
  "DISTANCE": 15020.198360387236
}